{"frames": {

"decoration_01":
{
	"frame": {"x":192,"y":256,"w":64,"h":256},
	"rotated": false,
	"trimmed": false,
	"spriteSourceSize": {"x":0,"y":0,"w":64,"h":256},
	"sourceSize": {"w":64,"h":256}
},
"decoration_02":
{
	"frame": {"x":192,"y":0,"w":64,"h":256},
	"rotated": false,
	"trimmed": false,
	"spriteSourceSize": {"x":0,"y":0,"w":64,"h":256},
	"sourceSize": {"w":64,"h":256}
},
"decoration_03":
{
	"frame": {"x":128,"y":256,"w":64,"h":256},
	"rotated": false,
	"trimmed": false,
	"spriteSourceSize": {"x":0,"y":0,"w":64,"h":256},
	"sourceSize": {"w":64,"h":256}
},
"edge_01":
{
	"frame": {"x":128,"y":0,"w":64,"h":256},
	"rotated": false,
	"trimmed": false,
	"spriteSourceSize": {"x":0,"y":0,"w":64,"h":256},
	"sourceSize": {"w":64,"h":256}
},
"edge_02":
{
	"frame": {"x":64,"y":256,"w":64,"h":256},
	"rotated": false,
	"trimmed": false,
	"spriteSourceSize": {"x":0,"y":0,"w":64,"h":256},
	"sourceSize": {"w":64,"h":256}
},
"step_01":
{
	"frame": {"x":64,"y":0,"w":64,"h":256},
	"rotated": false,
	"trimmed": false,
	"spriteSourceSize": {"x":0,"y":0,"w":64,"h":256},
	"sourceSize": {"w":64,"h":256}
},
"window_01":
{
	"frame": {"x":0,"y":256,"w":64,"h":256},
	"rotated": false,
	"trimmed": false,
	"spriteSourceSize": {"x":0,"y":0,"w":64,"h":256},
	"sourceSize": {"w":64,"h":256}
},
"window_02":
{
	"frame": {"x":0,"y":0,"w":64,"h":256},
	"rotated": false,
	"trimmed": false,
	"spriteSourceSize": {"x":0,"y":0,"w":64,"h":256},
	"sourceSize": {"w":64,"h":256}
}},
"meta": {
	"app": "http://www.codeandweb.com/texturepacker ",
	"version": "1.0",
	"image": "wall.png",
	"format": "RGBA8888",
	"size": {"w":256,"h":512},
	"scale": "1",
	"smartupdate": "$TexturePacker:SmartUpdate:68947b15bb7efc40be030c076d92ff6a:7a7176ee4a47114ab8e7e8ecb8c361fc:fac4f515bf266e4f4ed746fa4fe7351a$"
}
}
