{"frames": {

"Explosion_Sequence_A 1.png":
{
    "frame": {"x":244,"y":1454,"w":240,"h":240},
    "rotated": false,
    "trimmed": false,
    "spriteSourceSize": {"x":0,"y":0,"w":240,"h":240},
    "sourceSize": {"w":240,"h":240}
},
"Explosion_Sequence_A 10.png":
{
    "frame": {"x":244,"y":970,"w":240,"h":240},
    "rotated": false,
    "trimmed": false,
    "spriteSourceSize": {"x":0,"y":0,"w":240,"h":240},
    "sourceSize": {"w":240,"h":240}
},
"Explosion_Sequence_A 11.png":
{
    "frame": {"x":2,"y":970,"w":240,"h":240},
    "rotated": false,
    "trimmed": false,
    "spriteSourceSize": {"x":0,"y":0,"w":240,"h":240},
    "sourceSize": {"w":240,"h":240}
},
"Explosion_Sequence_A 12.png":
{
    "frame": {"x":728,"y":728,"w":240,"h":240},
    "rotated": false,
    "trimmed": false,
    "spriteSourceSize": {"x":0,"y":0,"w":240,"h":240},
    "sourceSize": {"w":240,"h":240}
},
"Explosion_Sequence_A 13.png":
{
    "frame": {"x":486,"y":728,"w":240,"h":240},
    "rotated": false,
    "trimmed": false,
    "spriteSourceSize": {"x":0,"y":0,"w":240,"h":240},
    "sourceSize": {"w":240,"h":240}
},
"Explosion_Sequence_A 14.png":
{
    "frame": {"x":244,"y":728,"w":240,"h":240},
    "rotated": false,
    "trimmed": false,
    "spriteSourceSize": {"x":0,"y":0,"w":240,"h":240},
    "sourceSize": {"w":240,"h":240}
},
"Explosion_Sequence_A 15.png":
{
    "frame": {"x":2,"y":728,"w":240,"h":240},
    "rotated": false,
    "trimmed": false,
    "spriteSourceSize": {"x":0,"y":0,"w":240,"h":240},
    "sourceSize": {"w":240,"h":240}
},
"Explosion_Sequence_A 16.png":
{
    "frame": {"x":728,"y":486,"w":240,"h":240},
    "rotated": false,
    "trimmed": false,
    "spriteSourceSize": {"x":0,"y":0,"w":240,"h":240},
    "sourceSize": {"w":240,"h":240}
},
"Explosion_Sequence_A 17.png":
{
    "frame": {"x":486,"y":486,"w":240,"h":240},
    "rotated": false,
    "trimmed": false,
    "spriteSourceSize": {"x":0,"y":0,"w":240,"h":240},
    "sourceSize": {"w":240,"h":240}
},
"Explosion_Sequence_A 18.png":
{
    "frame": {"x":244,"y":486,"w":240,"h":240},
    "rotated": false,
    "trimmed": false,
    "spriteSourceSize": {"x":0,"y":0,"w":240,"h":240},
    "sourceSize": {"w":240,"h":240}
},
"Explosion_Sequence_A 19.png":
{
    "frame": {"x":2,"y":486,"w":240,"h":240},
    "rotated": false,
    "trimmed": false,
    "spriteSourceSize": {"x":0,"y":0,"w":240,"h":240},
    "sourceSize": {"w":240,"h":240}
},
"Explosion_Sequence_A 2.png":
{
    "frame": {"x":728,"y":1212,"w":240,"h":240},
    "rotated": false,
    "trimmed": false,
    "spriteSourceSize": {"x":0,"y":0,"w":240,"h":240},
    "sourceSize": {"w":240,"h":240}
},
"Explosion_Sequence_A 20.png":
{
    "frame": {"x":728,"y":244,"w":240,"h":240},
    "rotated": false,
    "trimmed": false,
    "spriteSourceSize": {"x":0,"y":0,"w":240,"h":240},
    "sourceSize": {"w":240,"h":240}
},
"Explosion_Sequence_A 21.png":
{
    "frame": {"x":486,"y":244,"w":240,"h":240},
    "rotated": false,
    "trimmed": false,
    "spriteSourceSize": {"x":0,"y":0,"w":240,"h":240},
    "sourceSize": {"w":240,"h":240}
},
"Explosion_Sequence_A 22.png":
{
    "frame": {"x":244,"y":244,"w":240,"h":240},
    "rotated": false,
    "trimmed": false,
    "spriteSourceSize": {"x":0,"y":0,"w":240,"h":240},
    "sourceSize": {"w":240,"h":240}
},
"Explosion_Sequence_A 23.png":
{
    "frame": {"x":2,"y":244,"w":240,"h":240},
    "rotated": false,
    "trimmed": false,
    "spriteSourceSize": {"x":0,"y":0,"w":240,"h":240},
    "sourceSize": {"w":240,"h":240}
},
"Explosion_Sequence_A 24.png":
{
    "frame": {"x":728,"y":2,"w":240,"h":240},
    "rotated": false,
    "trimmed": false,
    "spriteSourceSize": {"x":0,"y":0,"w":240,"h":240},
    "sourceSize": {"w":240,"h":240}
},
"Explosion_Sequence_A 25.png":
{
    "frame": {"x":486,"y":2,"w":240,"h":240},
    "rotated": false,
    "trimmed": false,
    "spriteSourceSize": {"x":0,"y":0,"w":240,"h":240},
    "sourceSize": {"w":240,"h":240}
},
"Explosion_Sequence_A 26.png":
{
    "frame": {"x":244,"y":2,"w":240,"h":240},
    "rotated": false,
    "trimmed": false,
    "spriteSourceSize": {"x":0,"y":0,"w":240,"h":240},
    "sourceSize": {"w":240,"h":240}
},
"Explosion_Sequence_A 27.png":
{
    "frame": {"x":2,"y":2,"w":240,"h":240},
    "rotated": false,
    "trimmed": false,
    "spriteSourceSize": {"x":0,"y":0,"w":240,"h":240},
    "sourceSize": {"w":240,"h":240}
},
"Explosion_Sequence_A 3.png":
{
    "frame": {"x":486,"y":1212,"w":240,"h":240},
    "rotated": false,
    "trimmed": false,
    "spriteSourceSize": {"x":0,"y":0,"w":240,"h":240},
    "sourceSize": {"w":240,"h":240}
},
"Explosion_Sequence_A 4.png":
{
    "frame": {"x":244,"y":1212,"w":240,"h":240},
    "rotated": false,
    "trimmed": false,
    "spriteSourceSize": {"x":0,"y":0,"w":240,"h":240},
    "sourceSize": {"w":240,"h":240}
},
"Explosion_Sequence_A 5.png":
{
    "frame": {"x":2,"y":1696,"w":240,"h":240},
    "rotated": false,
    "trimmed": false,
    "spriteSourceSize": {"x":0,"y":0,"w":240,"h":240},
    "sourceSize": {"w":240,"h":240}
},
"Explosion_Sequence_A 6.png":
{
    "frame": {"x":2,"y":1454,"w":240,"h":240},
    "rotated": false,
    "trimmed": false,
    "spriteSourceSize": {"x":0,"y":0,"w":240,"h":240},
    "sourceSize": {"w":240,"h":240}
},
"Explosion_Sequence_A 7.png":
{
    "frame": {"x":2,"y":1212,"w":240,"h":240},
    "rotated": false,
    "trimmed": false,
    "spriteSourceSize": {"x":0,"y":0,"w":240,"h":240},
    "sourceSize": {"w":240,"h":240}
},
"Explosion_Sequence_A 8.png":
{
    "frame": {"x":728,"y":970,"w":240,"h":240},
    "rotated": false,
    "trimmed": false,
    "spriteSourceSize": {"x":0,"y":0,"w":240,"h":240},
    "sourceSize": {"w":240,"h":240}
},
"Explosion_Sequence_A 9.png":
{
    "frame": {"x":486,"y":970,"w":240,"h":240},
    "rotated": false,
    "trimmed": false,
    "spriteSourceSize": {"x":0,"y":0,"w":240,"h":240},
    "sourceSize": {"w":240,"h":240}
}},
"meta": {
    "app": "http://www.texturepacker.com",
    "version": "1.0",
    "image": "SpriteSheet.png",
    "format": "RGBA8888",
    "size": {"w":1024,"h":2048},
    "scale": "1",
    "smartupdate": "$TexturePacker:SmartUpdate:17e4a2d92ff3e27832c3f4938cec7c85$"
}
}
